{
  "metadata": {
    "exportedAt": "2026-01-09T00:41:39.710Z",
    "componentName": "Настройки (тёмный)",
    "totalElements": 42,
    "nestingDepth": 3,
    "plugin": "Figma to JSON Exporter"
  },
  "designTokens": {
    "colors": {
      "color-rgb(45, 45, 45)": "rgb(45, 45, 45)",
      "color-rgb(60, 60, 60)": "rgb(60, 60, 60)",
      "color-rgb(204, 204, 204)": "rgb(204, 204, 204)",
      "color-rgb(76, 76, 76)": "rgb(76, 76, 76)"
    },
    "fonts": {
      "inter": {
        "family": "Inter",
        "sizes": {
          "size-24": "24px",
          "size-20": "20px",
          "size-14": "14px",
          "size-12": "12px",
          "size-16": "16px"
        },
        "weights": {
          "weight-600": "600",
          "weight-500": "500",
          "weight-400": "400"
        }
      }
    },
    "spacing": {},
    "effects": {
      "shadow-4-2": {
        "x": 0,
        "y": 2,
        "blur": 4,
        "color": "rgba(0, 0, 0, 0.10000000149011612)"
      }
    }
  },
  "structure": {
    "name": "------------------",
    "type": "FRAME",
    "size": {
      "w": 360,
      "h": 800
    },
    "styles": {
      "bg": "rgb(45, 45, 45)",
      "radius": 30,
      "layout": {
        "direction": "row",
        "gap": 0,
        "align": {
          "main": "start",
          "cross": "start"
        }
      }
    },
    "children": [
      {
        "name": "rectangle-4",
        "type": "RECTANGLE",
        "size": {
          "w": 360,
          "h": 128
        },
        "styles": {
          "bg": "rgb(60, 60, 60)",
          "shadow": {
            "x": 0,
            "y": 2,
            "blur": 4,
            "color": "rgba(0, 0, 0, 0.25)"
          }
        }
      },
      {
        "name": "---------",
        "type": "TEXT",
        "size": {
          "w": 190,
          "h": 34
        },
        "content": "Настройки",
        "styles": {
          "bg": "rgb(204, 204, 204)",
          "text": {
            "family": "Inter",
            "size": 24,
            "weight": "600",
            "align": "left"
          }
        }
      },
      {
        "name": "rectangle-7",
        "type": "VECTOR",
        "size": {
          "w": 320,
          "h": 180
        },
        "styles": {
          "bg": "rgb(76, 76, 76)",
          "radius": 10,
          "shadow": {
            "x": 0,
            "y": 2,
            "blur": 4,
            "color": "rgba(0, 0, 0, 0.10000000149011612)"
          }
        }
      },
      {
        "name": "rectangle-23",
        "type": "RECTANGLE",
        "size": {
          "w": 320,
          "h": 92
        },
        "styles": {
          "bg": "rgb(76, 76, 76)",
          "radius": 10,
          "shadow": {
            "x": 0,
            "y": 2,
            "blur": 4,
            "color": "rgba(0, 0, 0, 0.10000000149011612)"
          }
        }
      },
      {
        "name": "rectangle-36",
        "type": "RECTANGLE",
        "size": {
          "w": 320,
          "h": 47
        },
        "styles": {
          "bg": "rgb(76, 76, 76)",
          "radius": 10,
          "shadow": {
            "x": 0,
            "y": 2,
            "blur": 4,
            "color": "rgba(0, 0, 0, 0.10000000149011612)"
          }
        }
      },
      {
        "name": "rectangle-24",
        "type": "RECTANGLE",
        "size": {
          "w": 296,
          "h": 48
        },
        "styles": {
          "bg": "rgb(60, 60, 60)",
          "radius": 10
        }
      },
      {
        "name": "---------",
        "type": "TEXT",
        "size": {
          "w": 178,
          "h": 24
        },
        "content": "Системная",
        "styles": {
          "bg": "rgb(204, 204, 204)",
          "text": {
            "family": "Inter",
            "size": 20,
            "weight": "500",
            "align": "left"
          }
        }
      },
      {
        "name": "---------------",
        "type": "TEXT",
        "size": {
          "w": 209,
          "h": 24
        },
        "content": "Сбросить данные",
        "styles": {
          "bg": "rgb(204, 204, 204)",
          "text": {
            "family": "Inter",
            "size": 20,
            "weight": "500",
            "align": "left"
          }
        }
      },
      {
        "name": "rectangle-37",
        "type": "RECTANGLE",
        "size": {
          "w": 320,
          "h": 47
        },
        "styles": {
          "bg": "rgb(76, 76, 76)",
          "radius": 10,
          "shadow": {
            "x": 0,
            "y": 2,
            "blur": 4,
            "color": "rgba(0, 0, 0, 0.10000000149011612)"
          }
        }
      },
      {
        "name": "----------------csv-",
        "type": "TEXT",
        "size": {
          "w": 272,
          "h": 24
        },
        "content": "Экспорт данных (CSV)",
        "styles": {
          "bg": "rgb(204, 204, 204)",
          "text": {
            "family": "Inter",
            "size": 20,
            "weight": "500",
            "align": "left"
          }
        }
      },
      {
        "name": "rectangle-38",
        "type": "RECTANGLE",
        "size": {
          "w": 320,
          "h": 47
        },
        "styles": {
          "bg": "rgb(76, 76, 76)",
          "radius": 10,
          "shadow": {
            "x": 0,
            "y": 2,
            "blur": 4,
            "color": "rgba(0, 0, 0, 0.10000000149011612)"
          }
        }
      },
      {
        "name": "---------------------",
        "type": "TEXT",
        "size": {
          "w": 264,
          "h": 24
        },
        "content": "Написать разработчику",
        "styles": {
          "bg": "rgb(204, 204, 204)",
          "text": {
            "family": "Inter",
            "size": 20,
            "weight": "500",
            "align": "left"
          }
        }
      },
      {
        "name": "rectangle-39",
        "type": "RECTANGLE",
        "size": {
          "w": 320,
          "h": 47
        },
        "styles": {
          "bg": "rgb(76, 76, 76)",
          "radius": 10,
          "shadow": {
            "x": 0,
            "y": 2,
            "blur": 4,
            "color": "rgba(0, 0, 0, 0.10000000149011612)"
          }
        }
      },
      {
        "name": "------------------",
        "type": "TEXT",
        "size": {
          "w": 264,
          "h": 24
        },
        "content": "Оценить приложение",
        "styles": {
          "bg": "rgb(204, 204, 204)",
          "text": {
            "family": "Inter",
            "size": 20,
            "weight": "500",
            "align": "left"
          }
        }
      },
      {
        "name": "----",
        "type": "TEXT",
        "size": {
          "w": 80,
          "h": 17
        },
        "content": "Тема",
        "styles": {
          "bg": "rgb(204, 204, 204)",
          "text": {
            "family": "Inter",
            "size": 14,
            "weight": "400",
            "align": "left"
          }
        }
      },
      {
        "name": "-------1-0",
        "type": "TEXT",
        "size": {
          "w": 240,
          "h": 20
        },
        "content": "Версия 1.0",
        "styles": {
          "bg": "rgb(204, 204, 204)",
          "text": {
            "family": "Inter",
            "size": 12,
            "weight": "400",
            "align": "center"
          }
        }
      },
      {
        "name": "rectangle-32",
        "type": "RECTANGLE",
        "size": {
          "w": 296,
          "h": 97
        },
        "styles": {
          "border": {
            "width": 1,
            "color": "rgb(60, 60, 60)"
          },
          "radius": 10
        }
      },
      {
        "name": "----",
        "type": "TEXT",
        "size": {
          "w": 88,
          "h": 24
        },
        "content": "Утро",
        "styles": {
          "bg": "rgb(204, 204, 204)",
          "text": {
            "family": "Inter",
            "size": 20,
            "weight": "500",
            "align": "left"
          }
        }
      },
      {
        "name": "-----",
        "type": "TEXT",
        "size": {
          "w": 88,
          "h": 23
        },
        "content": "Вечер",
        "styles": {
          "bg": "rgb(204, 204, 204)",
          "text": {
            "family": "Inter",
            "size": 20,
            "weight": "500",
            "align": "left"
          }
        }
      },
      {
        "name": "-----------",
        "type": "TEXT",
        "size": {
          "w": 165,
          "h": 22
        },
        "content": "Напоминания",
        "styles": {
          "bg": "rgb(204, 204, 204)",
          "text": {
            "family": "Inter",
            "size": 20,
            "weight": "600",
            "align": "left"
          }
        }
      },
      {
        "name": "rectangle-33",
        "type": "RECTANGLE",
        "size": {
          "w": 137,
          "h": 43
        },
        "styles": {
          "bg": "rgb(60, 60, 60)",
          "radius": 10
        }
      },
      {
        "name": "rectangle-34",
        "type": "RECTANGLE",
        "size": {
          "w": 137,
          "h": 44
        },
        "styles": {
          "bg": "rgb(60, 60, 60)",
          "radius": 10
        }
      },
      {
        "name": "08-00",
        "type": "TEXT",
        "size": {
          "w": 85,
          "h": 23
        },
        "content": "08:00",
        "styles": {
          "bg": "rgb(204, 204, 204)",
          "text": {
            "family": "Inter",
            "size": 20,
            "weight": "500",
            "align": "right"
          }
        }
      },
      {
        "name": "20-00",
        "type": "TEXT",
        "size": {
          "w": 85,
          "h": 22
        },
        "content": "20:00",
        "styles": {
          "bg": "rgb(204, 204, 204)",
          "text": {
            "family": "Inter",
            "size": 20,
            "weight": "500",
            "align": "right"
          }
        }
      },
      {
        "name": "rectangle-35",
        "type": "RECTANGLE",
        "size": {
          "w": 40,
          "h": 24
        },
        "styles": {
          "bg": "rgb(60, 60, 60)",
          "radius": 20
        }
      },
      {
        "name": "ellipse-17",
        "type": "ELLIPSE",
        "size": {
          "w": 20,
          "h": 20
        },
        "styles": {
          "bg": "rgb(204, 204, 204)"
        }
      },
      {
        "name": "---------------",
        "type": "TEXT",
        "size": {
          "w": 190,
          "h": 19
        },
        "content": "+ДОБАВИТЬ ВРЕМЯ",
        "styles": {
          "bg": "rgb(204, 204, 204)",
          "text": {
            "family": "Inter",
            "size": 16,
            "weight": "600",
            "align": "right"
          }
        }
      },
      {
        "name": "icon",
        "type": "VECTOR",
        "size": {
          "w": 10,
          "h": 5
        },
        "styles": {
          "bg": "rgb(204, 204, 204)"
        }
      },
      {
        "name": "rectangle-32",
        "type": "RECTANGLE",
        "size": {
          "w": 360,
          "h": 69
        },
        "styles": {
          "bg": "rgb(76, 76, 76)"
        }
      },
      {
        "name": "ellipse-17",
        "type": "ELLIPSE",
        "size": {
          "w": 86,
          "h": 86
        }
      },
      {
        "name": "ellipse-18",
        "type": "ELLIPSE",
        "size": {
          "w": 86,
          "h": 86
        },
        "styles": {
          "shadow": {
            "x": 0,
            "y": 2,
            "blur": 4,
            "color": "rgba(0, 0, 0, 0.10000000149011612)"
          }
        }
      },
      {
        "name": "ellipse-19",
        "type": "ELLIPSE",
        "size": {
          "w": 60,
          "h": 60
        },
        "styles": {
          "bg": "rgb(45, 45, 45)"
        }
      },
      {
        "name": "plus",
        "type": "INSTANCE",
        "size": {
          "w": 0,
          "h": 0
        }
      },
      {
        "name": "lucide-house",
        "type": "FRAME",
        "size": {
          "w": 30,
          "h": 30
        },
        "styles": {
          "layout": {
            "direction": "row",
            "gap": 0,
            "align": {
              "main": "start",
              "cross": "start"
            }
          }
        },
        "children": [
          {
            "name": "vector",
            "type": "VECTOR",
            "size": {
              "w": 23,
              "h": 24
            },
            "styles": {
              "border": {
                "width": 2,
                "color": "rgb(204, 204, 204)"
              }
            }
          }
        ]
      },
      {
        "name": "lucide-user-pen",
        "type": "FRAME",
        "size": {
          "w": 30,
          "h": 30
        },
        "styles": {
          "layout": {
            "direction": "row",
            "gap": 0,
            "align": {
              "main": "start",
              "cross": "start"
            }
          }
        },
        "children": [
          {
            "name": "vector",
            "type": "VECTOR",
            "size": {
              "w": 24,
              "h": 24
            },
            "styles": {
              "border": {
                "width": 2,
                "color": "rgb(204, 204, 204)"
              }
            }
          }
        ]
      },
      {
        "name": "lucide-settings",
        "type": "FRAME",
        "size": {
          "w": 30,
          "h": 30
        },
        "styles": {
          "layout": {
            "direction": "row",
            "gap": 0,
            "align": {
              "main": "start",
              "cross": "start"
            }
          }
        },
        "children": [
          {
            "name": "vector",
            "type": "VECTOR",
            "size": {
              "w": 23,
              "h": 25
            },
            "styles": {
              "border": {
                "width": 2,
                "color": "rgb(116, 116, 116)"
              }
            }
          }
        ]
      },
      {
        "name": "lucide-chart-no-axes-combined",
        "type": "FRAME",
        "size": {
          "w": 24,
          "h": 24
        },
        "styles": {
          "layout": {
            "direction": "row",
            "gap": 0,
            "align": {
              "main": "start",
              "cross": "start"
            }
          }
        },
        "children": [
          {
            "name": "vector",
            "type": "VECTOR",
            "size": {
              "w": 20,
              "h": 18
            },
            "styles": {
              "border": {
                "width": 2,
                "color": "rgb(204, 204, 204)"
              }
            }
          }
        ]
      }
    ]
  },
  "summary": {
    "components": 0,
    "instances": 1,
    "frames": 5,
    "texts": 14,
    "hasAutoLayout": true,
    "hasEffects": true
  }
}